ExcludeOverride,ISR_streamName,ModelRuleEffective,SourceSystem,RiskDate,ModelRuleDefault,ModelRuleOverride,AccountingSystemSecId,AssetId,ExchangeCode,ExchangeId_Best,ExchangeId_BestType,ExchangeId_CUSIP,ExchangeId_ISIN,ExchangeId_RIC,ExchangeId_SEDOL,ExchangeId_TICKER,LookThroughNameConstituents,PositionId,PositionName,PositionParentId,HoldingId,HoldingName,PricedSecurityName,SecId,SecIdParent,securityName,securityNameParent,SwapIndexId,SwapName,Underlying,AssetClass,assetClassCode,FloatingRateIndicator,FwdLegTypeCode,InstrumentClassCode,instrumentGroupCode,InstrumentTypeCode,InstrumentTypeDesc,InvestmentType,IsZeroCoupon,OnMargin,OptionStyle,OptionType,SecurityType,StrikeType,SwapLegTypeCode,ExpiryDate,ForwardDate,IssueDate,MaturityDate,PurchaseDate,StartDate,ValuationDate,Currency,FxUnderlyingCcyCode,LocalPriceCcyCode,PriceCcyCode,QuoteCcyCode,SettlementCcyCode,CorrectLocalMarketPrice,EntryPrice,FwdPrice,LatestClosingMarketPrice,LocalDirtyPrice,LocalMarketPrice,PriceInCad,StrikePrice,Amount,BaseAccruedInterest,BaseMarketValue,BaseTotalMarketValue,BaseTotalMarketValuePay,BaseTotalMarketValueRec,CalculatedAccruedInterest,ContractSize,CurrentRate,Duration,FxRateCost,LocalAccruedInterestNative,LocalMarketValue,LocalTotalMarketValue,LocalTotalMarketValuePay,LocalTotalMarketValueRec,minimumRate,Notional,PayNotional,Quantity,RecNotional,SharesOrParValue,SpotFXRate,BusinessDayRule,CompoundingFrequencyCode,ConstantTerm,couponFrequencyCode,CouponFrequencyPay,CouponFrequencyRec,CouponRate,CouponRatePay,CouponRateRec,CouponType,DayCountBasis,DayCountBasisPay,DayCountBasisRec,ReferenceFrequency,ReferenceRateTerm,ReferenceRateTermPay,ReferenceRateTermRec,ResetFrequency,ResetRateFrequencyPay,ResetRateFrequencyRec,ResetSpreadPay,YieldRiskFactorTerm,RiskCountryCode,GicsCodeLowestLevel,PositionProxyPricedSecurityName,ProxyIndexCode,ProxyIndexName,ResetSpread,resetSpreadBP,ResetSpreadFI,ResetSpreadFI_BP,ResetSpreadRec,IssuerCode,IssuerCurve,IssuerName,referenceCurve,ReferenceRateCurvePay,ReferenceRateCurveRec,RisklessCurve,ConstituentHoldingGroupName,ParentPortfolioCode,PortfolioCode,PortfolioObjectiveCode,CounterParty,HoldingGroupName,EquityName,EquityPrice,EquityCurrency,PriceInLocalCcy,CurrencyCodePay,CurrencyCodeRec,ReportTagGroup,TagDerivationBasis,InvestmentStyle,FundMandate,FundStrategy,ManagementStyle,FundName,FundManager,BCIPoolRegion,EquityVP,PortCalc,SettlementAmount,RepoTradeDate,RepoSettleDate,TerminationAmount,UnderlyingBondEDMsecurityId,UnderlyingBondIPSsecurityId,UnderlyingBondParAmount,UnderlyingInstrumentTypeCode,UnderlyingShortName,UnderlyingMaturityDate,UnderlyingISIN,UnderyingREDCode,UnderlyingCUSIP,GMRAYesNo,RehypothecationAllowed,LocalFuturePrice,SubPortfolioCode,BCIUltimateParentIssuerName,BCIGicsSector,InstrumentClass,InstrumentGroup,InstrumentType,PortfolioName,PurchaseDateRec,PurchaseDatePay,SwapLegTypeCodePay,SwapLegTypeCodeRec,BCIMaturityDate,BCIIssueDate,BCIFXRate,BenchmarkID,PEInvestmentType,DiscountCurve,spreadCurve,LienType,FacilityType,FairSpread,MaturityBucket
N,SCD_IRS,RSM_InterestRateSwap_PayFloatReceiveFloat,SCD,20230811,RSM_InterestRateSwap_PayFloatReceiveFloat,RSM_InterestRateSwap_PayFloatReceiveFloat,IRS28310645P,E0CDOR01_IRS28310645P,,UNK,UNK,,,,,,,E0CDOR01_70626024_70626025,IRS28310645SWAP,70626023,E0CDOR01_70626024_70626025,IRS28310645SWAP,E0CDOR01_70626024_70626025_20230811,70626024_70626025,70626023,IRS Leg CAD CORRA +60 P FEB25 CIBC/IRS Leg CAD 3MBA +28.5 R FEB25 CIBC,IRS28310645SWAP,,IRS28310645SWAP,IR Swap,Interest Rate,INT_RTE,,,DERIV,SWAP,IR_OVERNIGHT_IDX_SWP,Interest Rate Overnight Index Swap,Direct,,,,,,,FLOAT_LEG,,,,20250203,20220203,20220203,20230731,CAD,,CAD,,,,,,,0.000782,,0.000782,,,60000000.0,-780281.13,,46958.68,-65664895.49,65711854.17,-1.30046855,,,,,-780281.13,,46958.68,-65664895.49,65711854.17,,,-60000000.0,1.0,60000000.0,-60000000.0,,,quarterly,,quarterly,quarterly,quarterly,,,,,dayCount_Act_365,dayCount_Act_365,dayCount_Act_365,UNK,daily,daily,quarterly,quarterly,quarterly,quarterly,0.6,,,,,,,,,,,0.285,,,,CAD CORRA OIS (SP),CAD CORRA OIS (SP),CAD Swap,CAD Govt,,E0CDOR01,E0CDOR01,POOL,CIBC,E0CDOR01,,,,,CAD,CAD,,MDSLookup,Active,Canada,Floating Rate,Internal,Floating Rate Fund - Cdor,BCI,Canada,Fixed Income,DWH_IBOR,,,,,,,,,,,,,,,,,E0CDOR01,IR Swap,Derivatives,Derivative,Swap,Interest Rate Overnight Index Swap,CDOR Floating Rate Fund - Asset,20220203,20220203,FLOAT_LEG,FLOAT_LEG,20250203,,,CASH.SC.CASHPROXY_CAD@rmgBenchmarks,,,,,,,More than 360 Days
N,SCD_IRS,RSM_InterestRateSwap_PayFloatReceiveFloat,SCD,20230811,RSM_InterestRateSwap_PayFloatReceiveFloat,RSM_InterestRateSwap_PayFloatReceiveFloat,IRS28310646P,E0CDOR03_IRS28310646P,,UNK,UNK,,,,,,,E0CDOR03_70626027_70626028,IRS28310646SWAP,70626026,E0CDOR03_70626027_70626028,IRS28310646SWAP,E0CDOR03_70626027_70626028_20230811,70626027_70626028,70626026,IRS Leg CAD CORRA +60 P FEB25 CIBC/IRS Leg CAD 3MBA +28.5 R FEB25 CIBC,IRS28310646SWAP,,IRS28310646SWAP,IR Swap,Interest Rate,INT_RTE,,,DERIV,SWAP,IR_OVERNIGHT_IDX_SWP,Interest Rate Overnight Index Swap,Direct,,,,,,,FLOAT_LEG,,,,20250203,20220203,20220203,20230731,CAD,,CAD,,,,,,,0.000782,,0.000782,,,40000000.0,-520187.42,,31305.79,-43776596.99,43807902.78,-1.30046855,,,,,-520187.419999,,31305.79,-43776596.989999,43807902.779999,,,-40000000.0,1.0,40000000.0,-40000000.0,,,quarterly,,quarterly,quarterly,quarterly,,,,,dayCount_Act_365,dayCount_Act_365,dayCount_Act_365,UNK,daily,daily,quarterly,quarterly,quarterly,quarterly,0.6,,,,,,,,,,,0.285,,,,CAD CORRA OIS (SP),CAD CORRA OIS (SP),CAD Swap,CAD Govt,,E0CDOR03,E0CDOR03,POOL,CIBC,E0CDOR03,,,,,CAD,CAD,,MDSLookup,Active,Canada,Floating Rate,Internal,FLOATING RATE FUNDS CDOR3,BCI,Canada,Fixed Income,DWH_IBOR,,,,,,,,,,,,,,,,,E0CDOR03,IR Swap,Derivatives,Derivative,Swap,Interest Rate Overnight Index Swap,BCI CDOR Pool 3 GPF - Asset,20220203,20220203,FLOAT_LEG,FLOAT_LEG,20250203,,,CASH.SC.CASHPROXY_CAD@rmgBenchmarks,,,,,,,More than 360 Days
N,SCD_IRS,RSM_InterestRateSwap_PayFloatReceiveFloat,SCD,20230811,RSM_InterestRateSwap_PayFloatReceiveFloat,RSM_InterestRateSwap_PayFloatReceiveFloat,IRS29961431P,E0CDOR01_IRS29961431P,,UNK,UNK,,,,,,,E0CDOR01_70640115_70640116,IRS29961431SWAP,70640114,E0CDOR01_70640115_70640116,IRS29961431SWAP,E0CDOR01_70640115_70640116_20230811,70640115_70640116,70640114,IRS Leg CAD 3MBA +32.5 P MAR24 Royal Bank of Canad/IRS Leg CAD 3MBA R MAR24 Royal Bank of Canada,IRS29961431SWAP,,IRS29961431SWAP,IR Swap,Interest Rate,INT_RTE,,,DERIV,SWAP,IR_VANILLA_SWP,Interest Rate Vanilla Swap,Direct,,,,,,,FLOAT_LEG,,,,20240304,20220321,20220321,20230731,CAD,,CAD,,,,,,,7.2e-05,,7.2e-05,,,50000000.0,-358464.4,,3602.61,-51986079.62,51989682.23,-0.7169288,,,,,-358464.4,,3602.609999,-51986079.62,51989682.229999,,,-50000000.0,1.0,50000000.0,-50000000.0,,,quarterly,,quarterly,quarterly,quarterly,,,,,dayCount_Act_365,dayCount_Act_365,dayCount_Act_365,UNK,daily,daily,quarterly,quarterly,quarterly,quarterly,0.325,,,,,,,,,,,0.0,,,,CAD Swap,CAD Swap,CAD Swap,CAD Govt,,E0CDOR01,E0CDOR01,POOL,RBC,E0CDOR01,,,,,CAD,CAD,,MDSLookup,Active,Canada,Floating Rate,Internal,Floating Rate Fund - Cdor,BCI,Canada,Fixed Income,DWH_IBOR,,,,,,,,,,,,,,,,,E0CDOR01,IR Swap,Derivatives,Derivative,Swap,Interest Rate Vanilla Swap,CDOR Floating Rate Fund - Asset,20220321,20220321,FLOAT_LEG,FLOAT_LEG,20240304,,,CASH.SC.CASHPROXY_CAD@rmgBenchmarks,,,,,,,91 to 360 Days
N,SCD_IRS,RSM_InterestRateSwap_PayFloatReceiveFloat,SCD,20230811,RSM_InterestRateSwap_PayFloatReceiveFloat,RSM_InterestRateSwap_PayFloatReceiveFloat,IRS29961611P,E0CDOR03_IRS29961611P,,UNK,UNK,,,,,,,E0CDOR03_70640118_70640119,IRS29961611SWAP,70640117,E0CDOR03_70640118_70640119,IRS29961611SWAP,E0CDOR03_70640118_70640119_20230811,70640118_70640119,70640117,IRS Leg CAD 3MBA +32.5 P MAR24 Royal Bank of Canad/IRS Leg CAD 3MBA R MAR24 Royal Bank of Canada,IRS29961611SWAP,,IRS29961611SWAP,IR Swap,Interest Rate,INT_RTE,,,DERIV,SWAP,IR_VANILLA_SWP,Interest Rate Vanilla Swap,Direct,,,,,,,FLOAT_LEG,,,,20240304,20220321,20220321,20230731,CAD,,CAD,,,,,,,7.2e-05,,7.2e-05,,,25000000.0,-179232.2,,1801.31,-25993039.81,25994841.12,-0.7169288,,,,,-179232.2,,1801.31,-25993039.81,25994841.12,,,-25000000.0,1.0,25000000.0,-25000000.0,,,quarterly,,quarterly,quarterly,quarterly,,,,,dayCount_Act_365,dayCount_Act_365,dayCount_Act_365,UNK,daily,daily,quarterly,quarterly,quarterly,quarterly,0.325,,,,,,,,,,,0.0,,,,CAD Swap,CAD Swap,CAD Swap,CAD Govt,,E0CDOR03,E0CDOR03,POOL,RBC,E0CDOR03,,,,,CAD,CAD,,MDSLookup,Active,Canada,Floating Rate,Internal,FLOATING RATE FUNDS CDOR3,BCI,Canada,Fixed Income,DWH_IBOR,,,,,,,,,,,,,,,,,E0CDOR03,IR Swap,Derivatives,Derivative,Swap,Interest Rate Vanilla Swap,BCI CDOR Pool 3 GPF - Asset,20220321,20220321,FLOAT_LEG,FLOAT_LEG,20240304,,,CASH.SC.CASHPROXY_CAD@rmgBenchmarks,,,,,,,91 to 360 Days
N,SCD_IRS,RSM_InterestRateSwap_PayFloatReceiveFloat,SCD,20230811,RSM_InterestRateSwap_PayFloatReceiveFloat,RSM_InterestRateSwap_PayFloatReceiveFloat,IRS40459829P,E0CDOR03_IRS40459829P,,UNK,UNK,,,,,,,E0CDOR03_70720222_70720223,IRS40459829SWAP,70720221,E0CDOR03_70720222_70720223,IRS40459829SWAP,E0CDOR03_70720222_70720223_20230811,70720222_70720223,70720221,IRS Leg CAD CORRA +70 P NOV23 Royal Bank of Canada/IRS Leg CAD 3MBA +25.2 R NOV23 Royal Bank of Canad,IRS40459829SWAP,,IRS40459829SWAP,IR Swap,Interest Rate,INT_RTE,,,DERIV,SWAP,IR_OVERNIGHT_IDX_SWP,Interest Rate Overnight Index Swap,Direct,,,,,,,FLOAT_LEG,,,,20231124,20221129,20221129,20230731,CAD,,CAD,,,,,,,-0.000665,,-0.000665,,,50000000.0,-510655.06,,-33285.42,-51415515.14,51382229.72,-1.02131012,,,,,-510655.06,,-33285.420001,-51415515.14,51382229.719999,,,-50000000.0,1.0,50000000.0,-50000000.0,,,quarterly,,quarterly,quarterly,quarterly,,,,,dayCount_Act_365,dayCount_Act_365,dayCount_Act_365,UNK,daily,daily,quarterly,quarterly,quarterly,quarterly,0.7,,,,,,,,,,,0.252,,,,CAD CORRA OIS (SP),CAD CORRA OIS (SP),CAD Swap,CAD Govt,,E0CDOR03,E0CDOR03,POOL,RBC,E0CDOR03,,,,,CAD,CAD,,MDSLookup,Active,Canada,Floating Rate,Internal,FLOATING RATE FUNDS CDOR3,BCI,Canada,Fixed Income,DWH_IBOR,,,,,,,,,,,,,,,,,E0CDOR03,IR Swap,Derivatives,Derivative,Swap,Interest Rate Overnight Index Swap,BCI CDOR Pool 3 GPF - Asset,20221129,20221129,FLOAT_LEG,FLOAT_LEG,20231124,,,CASH.SC.CASHPROXY_CAD@rmgBenchmarks,,,,,,,91 to 360 Days
N,SCD_IRS,RSM_InterestRateSwap_PayFloatReceiveFloat,SCD,20230811,RSM_InterestRateSwap_PayFloatReceiveFloat,RSM_InterestRateSwap_PayFloatReceiveFloat,IRS44824050P,E0CDOR01_IRS44824050P,,UNK,UNK,,,,,,,E0CDOR01_70751967_70751968,IRS44824050SWAP,70751966,E0CDOR01_70751967_70751968,IRS44824050SWAP,E0CDOR01_70751967_70751968_20230811,70751967_70751968,70751966,IRS Leg CAD CORRA +40 P SEP23 Royal Bank of Canada/IRS Leg CAD 3MBA R SEP23 Royal Bank of Canada,IRS44824050SWAP,,IRS44824050SWAP,IR Swap,Interest Rate,INT_RTE,,,DERIV,SWAP,IR_OVERNIGHT_IDX_SWP,Interest Rate Overnight Index Swap,Direct,,,,,,,FLOAT_LEG,,,,20230915,20230228,20230228,20230731,CAD,,CAD,,,,,,,-0.000204,,-0.000204,,,100000000.0,-649051.67,,-20495.37,-101341175.34,101320679.97,-0.64905167,,,,,-649051.67,,-20495.37,-101341175.34,101320679.97,,,-100000000.0,1.0,100000000.0,-100000000.0,,,quarterly,,quarterly,quarterly,quarterly,,,,,dayCount_Act_365,dayCount_Act_365,dayCount_Act_365,UNK,daily,daily,quarterly,quarterly,quarterly,quarterly,0.4,,,,,,,,,,,0.0,,,,CAD CORRA OIS (SP),CAD CORRA OIS (SP),CAD Swap,CAD Govt,,E0CDOR01,E0CDOR01,POOL,RBC,E0CDOR01,,,,,CAD,CAD,,MDSLookup,Active,Canada,Floating Rate,Internal,Floating Rate Fund - Cdor,BCI,Canada,Fixed Income,DWH_IBOR,,,,,,,,,,,,,,,,,E0CDOR01,IR Swap,Derivatives,Derivative,Swap,Interest Rate Overnight Index Swap,CDOR Floating Rate Fund - Asset,20230228,20230228,FLOAT_LEG,FLOAT_LEG,20230915,,,CASH.SC.CASHPROXY_CAD@rmgBenchmarks,,,,,,,31 to 90 Days
N,SCD_IRS,RSM_InterestRateSwap_PayFloatReceiveFloat,SCD,20230811,RSM_InterestRateSwap_PayFloatReceiveFloat,RSM_InterestRateSwap_PayFloatReceiveFloat,IRS44978396P,E0CDOR01_IRS44978396P,,UNK,UNK,,,,,,,E0CDOR01_70753099_70753098,IRS44978396SWAP,70753097,E0CDOR01_70753099_70753098,IRS44978396SWAP,E0CDOR01_70753099_70753098_20230811,70753099_70753098,70753097,IRS Leg CAD CORRA +41 P SEP23 TDBank/IRS Leg CAD 3MBA R SEP23 TDBank,IRS44978396SWAP,,IRS44978396SWAP,IR Swap,Interest Rate,INT_RTE,,,DERIV,SWAP,IR_OVERNIGHT_IDX_SWP,Interest Rate Overnight Index Swap,Direct,,,,,,,FLOAT_LEG,,,,20230908,20230303,20230303,20230731,CAD,,CAD,,,,,,,-0.000242,,-0.000242,,,150000000.0,-1124730.69,,-36378.41,-152008982.3,151972603.89,-0.74982046,,,,,-1124730.689999,,-36378.409999,-152008982.299999,151972603.89,,,-150000000.0,1.0,150000000.0,-150000000.0,,,quarterly,,quarterly,quarterly,quarterly,,,,,dayCount_Act_365,dayCount_Act_365,dayCount_Act_365,UNK,daily,daily,quarterly,quarterly,quarterly,quarterly,0.41,,,,,,,,,,,0.0,,,,CAD CORRA OIS (SP),CAD CORRA OIS (SP),CAD Swap,CAD Govt,,E0CDOR01,E0CDOR01,POOL,TDB,E0CDOR01,,,,,CAD,CAD,,MDSLookup,Active,Canada,Floating Rate,Internal,Floating Rate Fund - Cdor,BCI,Canada,Fixed Income,DWH_IBOR,,,,,,,,,,,,,,,,,E0CDOR01,IR Swap,Derivatives,Derivative,Swap,Interest Rate Overnight Index Swap,CDOR Floating Rate Fund - Asset,20230303,20230303,FLOAT_LEG,FLOAT_LEG,20230908,,,CASH.SC.CASHPROXY_CAD@rmgBenchmarks,,,,,,,8 to 30 Days
N,SCD_IRS,RSM_InterestRateSwap_PayFloatReceiveFloat,SCD,20230811,RSM_InterestRateSwap_PayFloatReceiveFloat,RSM_InterestRateSwap_PayFloatReceiveFloat,IRS44978397P,E0CDOR03_IRS44978397P,,UNK,UNK,,,,,,,E0CDOR03_70753102_70753101,IRS44978397SWAP,70753100,E0CDOR03_70753102_70753101,IRS44978397SWAP,E0CDOR03_70753102_70753101_20230811,70753102_70753101,70753100,IRS Leg CAD CORRA +41 P SEP23 TDBank/IRS Leg CAD 3MBA R SEP23 TDBank,IRS44978397SWAP,,IRS44978397SWAP,IR Swap,Interest Rate,INT_RTE,,,DERIV,SWAP,IR_OVERNIGHT_IDX_SWP,Interest Rate Overnight Index Swap,Direct,,,,,,,FLOAT_LEG,,,,20230908,20230303,20230303,20230731,CAD,,CAD,,,,,,,-0.000242,,-0.000242,,,100000000.0,-749820.46,,-24252.28,-101339321.54,101315069.26,-0.74982046,,,,,-749820.459999,,-24252.279999,-101339321.539999,101315069.26,,,-100000000.0,1.0,100000000.0,-100000000.0,,,quarterly,,quarterly,quarterly,quarterly,,,,,dayCount_Act_365,dayCount_Act_365,dayCount_Act_365,UNK,daily,daily,quarterly,quarterly,quarterly,quarterly,0.41,,,,,,,,,,,0.0,,,,CAD CORRA OIS (SP),CAD CORRA OIS (SP),CAD Swap,CAD Govt,,E0CDOR03,E0CDOR03,POOL,TDB,E0CDOR03,,,,,CAD,CAD,,MDSLookup,Active,Canada,Floating Rate,Internal,FLOATING RATE FUNDS CDOR3,BCI,Canada,Fixed Income,DWH_IBOR,,,,,,,,,,,,,,,,,E0CDOR03,IR Swap,Derivatives,Derivative,Swap,Interest Rate Overnight Index Swap,BCI CDOR Pool 3 GPF - Asset,20230303,20230303,FLOAT_LEG,FLOAT_LEG,20230908,,,CASH.SC.CASHPROXY_CAD@rmgBenchmarks,,,,,,,8 to 30 Days
N,SCD_IRS,RSM_InterestRateSwap_PayFloatReceiveFloat,SCD,20230811,RSM_InterestRateSwap_PayFloatReceiveFloat,RSM_InterestRateSwap_PayFloatReceiveFloat,IRS45084461P,E0CDOR03_IRS45084461P,,UNK,UNK,,,,,,,E0CDOR03_70753910_70753911,IRS45084461SWAP,70753909,E0CDOR03_70753910_70753911,IRS45084461SWAP,E0CDOR03_70753910_70753911_20230811,70753910_70753911,70753909,IRS Leg CAD CORRA +41.5 P SEP23 Royal Bank of Cana/IRS Leg CAD 3MBA R SEP23 Royal Bank of Canada,IRS45084461SWAP,,IRS45084461SWAP,IR Swap,Interest Rate,INT_RTE,,,DERIV,SWAP,IR_OVERNIGHT_IDX_SWP,Interest Rate Overnight Index Swap,Direct,,,,,,,FLOAT_LEG,,,,20230907,20230307,20230307,20230731,CAD,,CAD,,,,,,,-0.000278,,-0.000278,,,50000000.0,-382386.72,,-13915.34,-50669841.72,50655926.38,-0.76477344,,,,,-382386.719999,,-13915.339999,-50669841.719999,50655926.38,,,-50000000.0,1.0,50000000.0,-50000000.0,,,quarterly,,quarterly,quarterly,quarterly,,,,,dayCount_Act_365,dayCount_Act_365,dayCount_Act_365,UNK,daily,daily,quarterly,quarterly,quarterly,quarterly,0.415,,,,,,,,,,,0.0,,,,CAD CORRA OIS (SP),CAD CORRA OIS (SP),CAD Swap,CAD Govt,,E0CDOR03,E0CDOR03,POOL,RBC,E0CDOR03,,,,,CAD,CAD,,MDSLookup,Active,Canada,Floating Rate,Internal,FLOATING RATE FUNDS CDOR3,BCI,Canada,Fixed Income,DWH_IBOR,,,,,,,,,,,,,,,,,E0CDOR03,IR Swap,Derivatives,Derivative,Swap,Interest Rate Overnight Index Swap,BCI CDOR Pool 3 GPF - Asset,20230307,20230307,FLOAT_LEG,FLOAT_LEG,20230907,,,CASH.SC.CASHPROXY_CAD@rmgBenchmarks,,,,,,,8 to 30 Days
N,SCD_IRS,RSM_InterestRateSwap_PayFloatReceiveFloat,SCD,20230811,RSM_InterestRateSwap_PayFloatReceiveFloat,RSM_InterestRateSwap_PayFloatReceiveFloat,IRS45197766P,E0CDOR01_IRS45197766P,,UNK,UNK,,,,,,,E0CDOR01_70755675_70755676,IRS45197766SWAP,70755674,E0CDOR01_70755675_70755676,IRS45197766SWAP,E0CDOR01_70755675_70755676_20230811,70755675_70755676,70755674,IRS Leg CAD CORRA +42.5 P SEP23 TDBank/IRS Leg CAD 3MBA R SEP23 TDBank,IRS45197766SWAP,,IRS45197766SWAP,IR Swap,Interest Rate,INT_RTE,,,DERIV,SWAP,IR_OVERNIGHT_IDX_SWP,Interest Rate Overnight Index Swap,Direct,,,,,,,FLOAT_LEG,,,,20230911,20230310,20230310,20230731,CAD,,CAD,,,,,,,-0.000271,,-0.000271,,,20000000.0,-141833.72,,-5424.3,-20266199.02,20260774.72,-0.7091686,,,,,-141833.72,,-5424.300001,-20266199.02,20260774.719999,,,-20000000.0,1.0,20000000.0,-20000000.0,,,quarterly,,quarterly,quarterly,quarterly,,,,,dayCount_Act_365,dayCount_Act_365,dayCount_Act_365,UNK,daily,daily,quarterly,quarterly,quarterly,quarterly,0.425,,,,,,,,,,,0.0,,,,CAD CORRA OIS (SP),CAD CORRA OIS (SP),CAD Swap,CAD Govt,,E0CDOR01,E0CDOR01,POOL,TDB,E0CDOR01,,,,,CAD,CAD,,MDSLookup,Active,Canada,Floating Rate,Internal,Floating Rate Fund - Cdor,BCI,Canada,Fixed Income,DWH_IBOR,,,,,,,,,,,,,,,,,E0CDOR01,IR Swap,Derivatives,Derivative,Swap,Interest Rate Overnight Index Swap,CDOR Floating Rate Fund - Asset,20230310,20230310,FLOAT_LEG,FLOAT_LEG,20230911,,,CASH.SC.CASHPROXY_CAD@rmgBenchmarks,,,,,,,31 to 90 Days
N,SCD_IRS,RSM_InterestRateSwap_PayFloatReceiveFloat,SCD,20230811,RSM_InterestRateSwap_PayFloatReceiveFloat,RSM_InterestRateSwap_PayFloatReceiveFloat,IRS45609314P,E0CDOR01_IRS45609314P,,UNK,UNK,,,,,,,E0CDOR01_70758107_70758108,IRS45609314SWAP,70758106,E0CDOR01_70758107_70758108,IRS45609314SWAP,E0CDOR01_70758107_70758108_20230811,70758107_70758108,70758106,IRS Leg CAD CORRA +48.5 P SEP23 Royal Bank of Cana/IRS Leg CAD 3MBA R SEP23 Royal Bank of Canada,IRS45609314SWAP,,IRS45609314SWAP,IR Swap,Interest Rate,INT_RTE,,,DERIV,SWAP,IR_OVERNIGHT_IDX_SWP,Interest Rate Overnight Index Swap,Direct,,,,,,,FLOAT_LEG,,,,20230925,20230323,20230323,20230731,CAD,,CAD,,,,,,,-0.00028,,-0.00028,,,40000000.0,-223456.13,,-11220.55,-40558118.01,40546897.46,-0.558640325,,,,,-223456.13,,-11220.550001,-40558118.01,40546897.459999,,,-40000000.0,1.0,40000000.0,-40000000.0,,,quarterly,,quarterly,quarterly,quarterly,,,,,dayCount_Act_365,dayCount_Act_365,dayCount_Act_365,UNK,daily,daily,quarterly,quarterly,quarterly,quarterly,0.485,,,,,,,,,,,0.0,,,,CAD CORRA OIS (SP),CAD CORRA OIS (SP),CAD Swap,CAD Govt,,E0CDOR01,E0CDOR01,POOL,RBC,E0CDOR01,,,,,CAD,CAD,,MDSLookup,Active,Canada,Floating Rate,Internal,Floating Rate Fund - Cdor,BCI,Canada,Fixed Income,DWH_IBOR,,,,,,,,,,,,,,,,,E0CDOR01,IR Swap,Derivatives,Derivative,Swap,Interest Rate Overnight Index Swap,CDOR Floating Rate Fund - Asset,20230323,20230323,FLOAT_LEG,FLOAT_LEG,20230925,,,CASH.SC.CASHPROXY_CAD@rmgBenchmarks,,,,,,,31 to 90 Days
N,SCD_IRS,RSM_InterestRateSwap_PayFloatReceiveFloat,SCD,20230811,RSM_InterestRateSwap_PayFloatReceiveFloat,RSM_InterestRateSwap_PayFloatReceiveFloat,IRS45609315P,E0CDOR03_IRS45609315P,,UNK,UNK,,,,,,,E0CDOR03_70758110_70758111,IRS45609315SWAP,70758109,E0CDOR03_70758110_70758111,IRS45609315SWAP,E0CDOR03_70758110_70758111_20230811,70758110_70758111,70758109,IRS Leg CAD CORRA +48.5 P SEP23 Royal Bank of Cana/IRS Leg CAD 3MBA R SEP23 Royal Bank of Canada,IRS45609315SWAP,,IRS45609315SWAP,IR Swap,Interest Rate,INT_RTE,,,DERIV,SWAP,IR_OVERNIGHT_IDX_SWP,Interest Rate Overnight Index Swap,Direct,,,,,,,FLOAT_LEG,,,,20230925,20230323,20230323,20230731,CAD,,CAD,,,,,,,-0.00028,,-0.00028,,,20000000.0,-111728.06,,-5610.27,-20279059.0,20273448.73,-0.5586403,,,,,-111728.06,,-5610.27,-20279059.0,20273448.73,,,-20000000.0,1.0,20000000.0,-20000000.0,,,quarterly,,quarterly,quarterly,quarterly,,,,,dayCount_Act_365,dayCount_Act_365,dayCount_Act_365,UNK,daily,daily,quarterly,quarterly,quarterly,quarterly,0.485,,,,,,,,,,,0.0,,,,CAD CORRA OIS (SP),CAD CORRA OIS (SP),CAD Swap,CAD Govt,,E0CDOR03,E0CDOR03,POOL,RBC,E0CDOR03,,,,,CAD,CAD,,MDSLookup,Active,Canada,Floating Rate,Internal,FLOATING RATE FUNDS CDOR3,BCI,Canada,Fixed Income,DWH_IBOR,,,,,,,,,,,,,,,,,E0CDOR03,IR Swap,Derivatives,Derivative,Swap,Interest Rate Overnight Index Swap,BCI CDOR Pool 3 GPF - Asset,20230323,20230323,FLOAT_LEG,FLOAT_LEG,20230925,,,CASH.SC.CASHPROXY_CAD@rmgBenchmarks,,,,,,,31 to 90 Days
N,SCD_IRS,RSM_InterestRateSwap_PayFloatReceiveFloat,SCD,20230811,RSM_InterestRateSwap_PayFloatReceiveFloat,RSM_InterestRateSwap_PayFloatReceiveFloat,IRS45639627P,E0CDOR01_IRS45639627P,,UNK,UNK,,,,,,,E0CDOR01_70758419_70758420,IRS45639627SWAP,70758418,E0CDOR01_70758419_70758420,IRS45639627SWAP,E0CDOR01_70758419_70758420_20230811,70758419_70758420,70758418,IRS Leg CAD CORRA +52 P SEP23 TDBank/IRS Leg CAD 3MBA R SEP23 TDBank,IRS45639627SWAP,,IRS45639627SWAP,IR Swap,Interest Rate,INT_RTE,,,DERIV,SWAP,IR_OVERNIGHT_IDX_SWP,Interest Rate Overnight Index Swap,Direct,,,,,,,FLOAT_LEG,,,,20230908,20230321,20230321,20230731,CAD,,CAD,,,,,,,-0.000571,,-0.000571,,,150000000.0,-2817109.65,,-85764.7,-153695832.34,153610067.64,-1.8780731,,,,,-2817109.649999,,-85764.699999,-153695832.339999,153610067.64,,,-150000000.0,1.0,150000000.0,-150000000.0,,,semiannual,,semiannual,semiannual,semiannual,,,,,dayCount_Act_365,dayCount_Act_365,dayCount_Act_365,UNK,daily,daily,semiannual,semiannual,semiannual,quarterly,0.52,,,,,,,,,,,0.0,,,,CAD CORRA OIS (SP),CAD CORRA OIS (SP),CAD Swap,CAD Govt,,E0CDOR01,E0CDOR01,POOL,TDB,E0CDOR01,,,,,CAD,CAD,,MDSLookup,Active,Canada,Floating Rate,Internal,Floating Rate Fund - Cdor,BCI,Canada,Fixed Income,DWH_IBOR,,,,,,,,,,,,,,,,,E0CDOR01,IR Swap,Derivatives,Derivative,Swap,Interest Rate Overnight Index Swap,CDOR Floating Rate Fund - Asset,20230321,20230321,FLOAT_LEG,FLOAT_LEG,20230908,,,CASH.SC.CASHPROXY_CAD@rmgBenchmarks,,,,,,,8 to 30 Days
N,SCD_IRS,RSM_InterestRateSwap_PayFloatReceiveFloat,SCD,20230811,RSM_InterestRateSwap_PayFloatReceiveFloat,RSM_InterestRateSwap_PayFloatReceiveFloat,IRS45639628P,E0CDOR03_IRS45639628P,,UNK,UNK,,,,,,,E0CDOR03_70758422_70758423,IRS45639628SWAP,70758421,E0CDOR03_70758422_70758423,IRS45639628SWAP,E0CDOR03_70758422_70758423_20230811,70758422_70758423,70758421,IRS Leg CAD CORRA +52 P SEP23 TDBank/IRS Leg CAD 3MBA R SEP23 TDBank,IRS45639628SWAP,,IRS45639628SWAP,IR Swap,Interest Rate,INT_RTE,,,DERIV,SWAP,IR_OVERNIGHT_IDX_SWP,Interest Rate Overnight Index Swap,Direct,,,,,,,FLOAT_LEG,,,,20230908,20230321,20230321,20230731,CAD,,CAD,,,,,,,-0.000571,,-0.000571,,,50000000.0,-939036.55,,-28588.23,-51231944.11,51203355.88,-1.8780731,,,,,-939036.55,,-28588.230001,-51231944.11,51203355.879999,,,-50000000.0,1.0,50000000.0,-50000000.0,,,semiannual,,semiannual,semiannual,semiannual,,,,,dayCount_Act_365,dayCount_Act_365,dayCount_Act_365,UNK,daily,daily,semiannual,semiannual,semiannual,quarterly,0.52,,,,,,,,,,,0.0,,,,CAD CORRA OIS (SP),CAD CORRA OIS (SP),CAD Swap,CAD Govt,,E0CDOR03,E0CDOR03,POOL,TDB,E0CDOR03,,,,,CAD,CAD,,MDSLookup,Active,Canada,Floating Rate,Internal,FLOATING RATE FUNDS CDOR3,BCI,Canada,Fixed Income,DWH_IBOR,,,,,,,,,,,,,,,,,E0CDOR03,IR Swap,Derivatives,Derivative,Swap,Interest Rate Overnight Index Swap,BCI CDOR Pool 3 GPF - Asset,20230321,20230321,FLOAT_LEG,FLOAT_LEG,20230908,,,CASH.SC.CASHPROXY_CAD@rmgBenchmarks,,,,,,,8 to 30 Days
N,SCD_IRS,RSM_InterestRateSwap_PayFloatReceiveFloat,SCD,20230811,RSM_InterestRateSwap_PayFloatReceiveFloat,RSM_InterestRateSwap_PayFloatReceiveFloat,IRS45824370P,E0CDOR03_IRS45824370P,,UNK,UNK,,,,,,,E0CDOR03_70760304_70760305,IRS45824370SWAP,70760303,E0CDOR03_70760304_70760305,IRS45824370SWAP,E0CDOR03_70760304_70760305_20230811,70760304_70760305,70760303,IRS Leg CAD CORRA +47.5 P SEP23 BMO/IRS Leg CAD 3MBA R SEP23 BMO,IRS45824370SWAP,,IRS45824370SWAP,IR Swap,Interest Rate,INT_RTE,,,DERIV,SWAP,IR_OVERNIGHT_IDX_SWP,Interest Rate Overnight Index Swap,Direct,,,,,,,FLOAT_LEG,,,,20230919,20230327,20230327,20230731,CAD,,CAD,,,,,,,-0.000404,,-0.000404,,,50000000.0,-889402.62,,-20246.23,-51262907.51,51242661.28,-1.77880524,,,,,-889402.62,,-20246.230001,-51262907.51,51242661.279999,,,-50000000.0,1.0,50000000.0,-50000000.0,,,semiannual,,semiannual,semiannual,semiannual,,,,,dayCount_Act_365,dayCount_Act_365,dayCount_Act_365,UNK,daily,daily,semiannual,semiannual,semiannual,quarterly,0.475,,,,,,,,,,,0.0,,,,CAD CORRA OIS (SP),CAD CORRA OIS (SP),CAD Swap,CAD Govt,,E0CDOR03,E0CDOR03,POOL,BMO,E0CDOR03,,,,,CAD,CAD,,MDSLookup,Active,Canada,Floating Rate,Internal,FLOATING RATE FUNDS CDOR3,BCI,Canada,Fixed Income,DWH_IBOR,,,,,,,,,,,,,,,,,E0CDOR03,IR Swap,Derivatives,Derivative,Swap,Interest Rate Overnight Index Swap,BCI CDOR Pool 3 GPF - Asset,20230327,20230327,FLOAT_LEG,FLOAT_LEG,20230919,,,CASH.SC.CASHPROXY_CAD@rmgBenchmarks,,,,,,,31 to 90 Days
N,SCD_IRS,RSM_InterestRateSwap_PayFloatReceiveFloat,SCD,20230811,RSM_InterestRateSwap_PayFloatReceiveFloat,RSM_InterestRateSwap_PayFloatReceiveFloat,IRS46125333P,E0CDOR01_IRS46125333P,,UNK,UNK,,,,,,,E0CDOR01_70760990_70760991,IRS46125333SWAP,70760989,E0CDOR01_70760990_70760991,IRS46125333SWAP,E0CDOR01_70760990_70760991_20230811,70760990_70760991,70760989,IRS Leg CAD CORRA +48.25 P SEP23 Royal Bank of Can/IRS Leg CAD 3MBA R SEP23 Royal Bank of Canada,IRS46125333SWAP,,IRS46125333SWAP,IR Swap,Interest Rate,INT_RTE,,,DERIV,SWAP,IR_OVERNIGHT_IDX_SWP,Interest Rate Overnight Index Swap,Direct,,,,,,,FLOAT_LEG,,,,20230913,20230329,20230329,20230731,CAD,,CAD,,,,,,,-0.000424,,-0.000424,,,115000000.0,-807839.36,,-48813.55,-116565046.98,116516233.43,-0.702469009,,,,,-807839.359999,,-48813.549999,-116565046.979999,116516233.43,,,-115000000.0,1.0,115000000.0,-115000000.0,,,quarterly,,quarterly,quarterly,quarterly,,,,,dayCount_Act_365,dayCount_Act_365,dayCount_Act_365,UNK,daily,daily,quarterly,quarterly,quarterly,quarterly,0.4825,,,,,,,,,,,0.0,,,,CAD CORRA OIS (SP),CAD CORRA OIS (SP),CAD Swap,CAD Govt,,E0CDOR01,E0CDOR01,POOL,RBC,E0CDOR01,,,,,CAD,CAD,,MDSLookup,Active,Canada,Floating Rate,Internal,Floating Rate Fund - Cdor,BCI,Canada,Fixed Income,DWH_IBOR,,,,,,,,,,,,,,,,,E0CDOR01,IR Swap,Derivatives,Derivative,Swap,Interest Rate Overnight Index Swap,CDOR Floating Rate Fund - Asset,20230329,20230329,FLOAT_LEG,FLOAT_LEG,20230913,,,CASH.SC.CASHPROXY_CAD@rmgBenchmarks,,,,,,,31 to 90 Days
N,SCD_IRS,RSM_InterestRateSwap_PayFloatReceiveFloat,SCD,20230811,RSM_InterestRateSwap_PayFloatReceiveFloat,RSM_InterestRateSwap_PayFloatReceiveFloat,IRS46147050P,E0CDOR01_IRS46147050P,,UNK,UNK,,,,,,,E0CDOR01_70761301_70761302,IRS46147050SWAP,70761300,E0CDOR01_70761301_70761302,IRS46147050SWAP,E0CDOR01_70761301_70761302_20230811,70761301_70761302,70761300,IRS Leg CAD CORRA +46.25 P SEP23 TDBank/IRS Leg CAD 3MBA R SEP23 TDBank,IRS46147050SWAP,,IRS46147050SWAP,IR Swap,Interest Rate,INT_RTE,,,DERIV,SWAP,IR_OVERNIGHT_IDX_SWP,Interest Rate Overnight Index Swap,Direct,,,,,,,FLOAT_LEG,,,,20230915,20230406,20230406,20230731,CAD,,CAD,,,,,,,-0.000355,,-0.000355,,,150000000.0,-1006674.03,,-53390.28,-152035234.81,151981844.53,-0.67111602,,,,,-1006674.03,,-53390.28,-152035234.81,151981844.53,,,-150000000.0,1.0,150000000.0,-150000000.0,,,quarterly,,quarterly,quarterly,quarterly,,,,,dayCount_Act_365,dayCount_Act_365,dayCount_Act_365,UNK,daily,daily,quarterly,quarterly,quarterly,quarterly,0.4625,,,,,,,,,,,0.0,,,,CAD CORRA OIS (SP),CAD CORRA OIS (SP),CAD Swap,CAD Govt,,E0CDOR01,E0CDOR01,POOL,TDB,E0CDOR01,,,,,CAD,CAD,,MDSLookup,Active,Canada,Floating Rate,Internal,Floating Rate Fund - Cdor,BCI,Canada,Fixed Income,DWH_IBOR,,,,,,,,,,,,,,,,,E0CDOR01,IR Swap,Derivatives,Derivative,Swap,Interest Rate Overnight Index Swap,CDOR Floating Rate Fund - Asset,20230406,20230406,FLOAT_LEG,FLOAT_LEG,20230915,,,CASH.SC.CASHPROXY_CAD@rmgBenchmarks,,,,,,,31 to 90 Days
N,SCD_IRS,RSM_InterestRateSwap_PayFloatReceiveFloat,SCD,20230811,RSM_InterestRateSwap_PayFloatReceiveFloat,RSM_InterestRateSwap_PayFloatReceiveFloat,IRS46147051P,E0CDOR03_IRS46147051P,,UNK,UNK,,,,,,,E0CDOR03_70761304_70761305,IRS46147051SWAP,70761303,E0CDOR03_70761304_70761305,IRS46147051SWAP,E0CDOR03_70761304_70761305_20230811,70761304_70761305,70761303,IRS Leg CAD CORRA +46.25 P SEP23 TDBank/IRS Leg CAD 3MBA R SEP23 TDBank,IRS46147051SWAP,,IRS46147051SWAP,IR Swap,Interest Rate,INT_RTE,,,DERIV,SWAP,IR_OVERNIGHT_IDX_SWP,Interest Rate Overnight Index Swap,Direct,,,,,,,FLOAT_LEG,,,,20230915,20230406,20230406,20230731,CAD,,CAD,,,,,,,-0.000355,,-0.000355,,,40000000.0,-268446.41,,-14237.41,-40542729.28,40528491.87,-0.671116025,,,,,-268446.409999,,-14237.409999,-40542729.279999,40528491.87,,,-40000000.0,1.0,40000000.0,-40000000.0,,,quarterly,,quarterly,quarterly,quarterly,,,,,dayCount_Act_365,dayCount_Act_365,dayCount_Act_365,UNK,daily,daily,quarterly,quarterly,quarterly,quarterly,0.4625,,,,,,,,,,,0.0,,,,CAD CORRA OIS (SP),CAD CORRA OIS (SP),CAD Swap,CAD Govt,,E0CDOR03,E0CDOR03,POOL,TDB,E0CDOR03,,,,,CAD,CAD,,MDSLookup,Active,Canada,Floating Rate,Internal,FLOATING RATE FUNDS CDOR3,BCI,Canada,Fixed Income,DWH_IBOR,,,,,,,,,,,,,,,,,E0CDOR03,IR Swap,Derivatives,Derivative,Swap,Interest Rate Overnight Index Swap,BCI CDOR Pool 3 GPF - Asset,20230406,20230406,FLOAT_LEG,FLOAT_LEG,20230915,,,CASH.SC.CASHPROXY_CAD@rmgBenchmarks,,,,,,,31 to 90 Days
N,SCD_IRS,RSM_InterestRateSwap_PayFloatReceiveFloat,SCD,20230811,RSM_InterestRateSwap_PayFloatReceiveFloat,RSM_InterestRateSwap_PayFloatReceiveFloat,IRS46178203P,E0CDOR01_IRS46178203P,,UNK,UNK,,,,,,,E0CDOR01_70761744_70761745,IRS46178203SWAP,70761743,E0CDOR01_70761744_70761745,IRS46178203SWAP,E0CDOR01_70761744_70761745_20230811,70761744_70761745,70761743,IRS Leg CAD CORRA +48.125 P SEP23 Royal Bank of Ca/IRS Leg CAD 3MBA R SEP23 Royal Bank of Canada,IRS46178203SWAP,,IRS46178203SWAP,IR Swap,Interest Rate,INT_RTE,,,DERIV,SWAP,IR_OVERNIGHT_IDX_SWP,Interest Rate Overnight Index Swap,Direct,,,,,,,FLOAT_LEG,,,,20230915,20230331,20230331,20230731,CAD,,CAD,,,,,,,-0.000402,,-0.000402,,,200000000.0,-1346958.06,,-80575.76,-202723035.13,202642459.37,-0.67347903,,,,,-1346958.06,,-80575.76,-202723035.13,202642459.37,,,-200000000.0,1.0,200000000.0,-200000000.0,,,quarterly,,quarterly,quarterly,quarterly,,,,,dayCount_Act_365,dayCount_Act_365,dayCount_Act_365,UNK,daily,daily,quarterly,quarterly,quarterly,quarterly,0.48125,,,,,,,,,,,0.0,,,,CAD CORRA OIS (SP),CAD CORRA OIS (SP),CAD Swap,CAD Govt,,E0CDOR01,E0CDOR01,POOL,RBC,E0CDOR01,,,,,CAD,CAD,,MDSLookup,Active,Canada,Floating Rate,Internal,Floating Rate Fund - Cdor,BCI,Canada,Fixed Income,DWH_IBOR,,,,,,,,,,,,,,,,,E0CDOR01,IR Swap,Derivatives,Derivative,Swap,Interest Rate Overnight Index Swap,CDOR Floating Rate Fund - Asset,20230331,20230331,FLOAT_LEG,FLOAT_LEG,20230915,,,CASH.SC.CASHPROXY_CAD@rmgBenchmarks,,,,,,,31 to 90 Days
N,SCD_IRS,RSM_InterestRateSwap_PayFloatReceiveFloat,SCD,20230811,RSM_InterestRateSwap_PayFloatReceiveFloat,RSM_InterestRateSwap_PayFloatReceiveFloat,IRS46178204P,E0CDOR03_IRS46178204P,,UNK,UNK,,,,,,,E0CDOR03_70761747_70761748,IRS46178204SWAP,70761746,E0CDOR03_70761747_70761748,IRS46178204SWAP,E0CDOR03_70761747_70761748_20230811,70761747_70761748,70761746,IRS Leg CAD CORRA +48.125 P SEP23 Royal Bank of Ca/IRS Leg CAD 3MBA R SEP23 Royal Bank of Canada,IRS46178204SWAP,,IRS46178204SWAP,IR Swap,Interest Rate,INT_RTE,,,DERIV,SWAP,IR_OVERNIGHT_IDX_SWP,Interest Rate Overnight Index Swap,Direct,,,,,,,FLOAT_LEG,,,,20230915,20230331,20230331,20230731,CAD,,CAD,,,,,,,-0.000402,,-0.000402,,,50000000.0,-336739.52,,-20143.94,-50680758.78,50660614.84,-0.67347904,,,,,-336739.52,,-20143.94,-50680758.78,50660614.84,,,-50000000.0,1.0,50000000.0,-50000000.0,,,quarterly,,quarterly,quarterly,quarterly,,,,,dayCount_Act_365,dayCount_Act_365,dayCount_Act_365,UNK,daily,daily,quarterly,quarterly,quarterly,quarterly,0.48125,,,,,,,,,,,0.0,,,,CAD CORRA OIS (SP),CAD CORRA OIS (SP),CAD Swap,CAD Govt,,E0CDOR03,E0CDOR03,POOL,RBC,E0CDOR03,,,,,CAD,CAD,,MDSLookup,Active,Canada,Floating Rate,Internal,FLOATING RATE FUNDS CDOR3,BCI,Canada,Fixed Income,DWH_IBOR,,,,,,,,,,,,,,,,,E0CDOR03,IR Swap,Derivatives,Derivative,Swap,Interest Rate Overnight Index Swap,BCI CDOR Pool 3 GPF - Asset,20230331,20230331,FLOAT_LEG,FLOAT_LEG,20230915,,,CASH.SC.CASHPROXY_CAD@rmgBenchmarks,,,,,,,31 to 90 Days
N,SCD_IRS,RSM_InterestRateSwap_PayFloatReceiveFloat,SCD,20230811,RSM_InterestRateSwap_PayFloatReceiveFloat,RSM_InterestRateSwap_PayFloatReceiveFloat,IRS46254512P,E0CDOR04_IRS46254512P,,UNK,UNK,,,,,,,E0CDOR04_70762365_70762366,IRS46254512SWAP,70762364,E0CDOR04_70762365_70762366,IRS46254512SWAP,E0CDOR04_70762365_70762366_20230811,70762365_70762366,70762364,IRS Leg CAD CORRA +48.75 P SEP23 Royal Bank of Can/IRS Leg CAD 3MBA R SEP23 Royal Bank of Canada,IRS46254512SWAP,,IRS46254512SWAP,IR Swap,Interest Rate,INT_RTE,,,DERIV,SWAP,IR_OVERNIGHT_IDX_SWP,Interest Rate Overnight Index Swap,Direct,,,,,,,FLOAT_LEG,,,,20230919,20230404,20230404,20230731,CAD,,CAD,,,,,,,-0.000452,,-0.000452,,,50000000.0,-836136.37,,-22616.45,-51210520.63,51187904.18,-1.67227274,,,,,-836136.37,,-22616.45,-51210520.63,51187904.18,,,-50000000.0,1.0,50000000.0,-50000000.0,,,semiannual,,semiannual,semiannual,semiannual,,,,,dayCount_Act_365,dayCount_Act_365,dayCount_Act_365,UNK,daily,daily,semiannual,semiannual,semiannual,quarterly,0.4875,,,,,,,,,,,0.0,,,,CAD CORRA OIS (SP),CAD CORRA OIS (SP),CAD Swap,CAD Govt,,E0CDOR04,E0CDOR04,POOL,RBC,E0CDOR04,,,,,CAD,CAD,,MDSLookup,Active,Canada,Floating Rate,Internal,FLOATING RATE FUNDS CDOR4,BCI,Canada,Fixed Income,DWH_IBOR,,,,,,,,,,,,,,,,,E0CDOR04,IR Swap,Derivatives,Derivative,Swap,Interest Rate Overnight Index Swap,BCI CDOR Pool 4 Quantitative - Asset,20230404,20230404,FLOAT_LEG,FLOAT_LEG,20230919,,,CASH.SC.CASHPROXY_CAD@rmgBenchmarks,,,,,,,31 to 90 Days
N,SCD_IRS,RSM_InterestRateSwap_PayFloatReceiveFloat,SCD,20230811,RSM_InterestRateSwap_PayFloatReceiveFloat,RSM_InterestRateSwap_PayFloatReceiveFloat,IRS46305500P,E0CDOR04_IRS46305500P,,UNK,UNK,,,,,,,E0CDOR04_70762872_70762873,IRS46305500SWAP,70762871,E0CDOR04_70762872_70762873,IRS46305500SWAP,E0CDOR04_70762872_70762873_20230811,70762872_70762873,70762871,IRS Leg CAD CORRA +47.5 P SEP23 Scotia Bank/IRS Leg CAD 3MBA R SEP23 Scotia Bank,IRS46305500SWAP,,IRS46305500SWAP,IR Swap,Interest Rate,INT_RTE,,,DERIV,SWAP,IR_OVERNIGHT_IDX_SWP,Interest Rate Overnight Index Swap,Direct,,,,,,,FLOAT_LEG,,,,20230901,20230405,20230405,20230731,CAD,,CAD,,,,,,,-0.000701,,-0.000701,,,50000000.0,-827208.15,,-35053.42,-51065525.44,51030472.02,-1.6544163,,,,,-827208.15,,-35053.42,-51065525.44,51030472.02,,,-50000000.0,1.0,50000000.0,-50000000.0,,,semiannual,,semiannual,semiannual,semiannual,,,,,dayCount_Act_365,dayCount_Act_365,dayCount_Act_365,UNK,daily,daily,semiannual,semiannual,semiannual,quarterly,0.475,,,,,,,,,,,0.0,,,,CAD CORRA OIS (SP),CAD CORRA OIS (SP),CAD Swap,CAD Govt,,E0CDOR04,E0CDOR04,POOL,BNS,E0CDOR04,,,,,CAD,CAD,,MDSLookup,Active,Canada,Floating Rate,Internal,FLOATING RATE FUNDS CDOR4,BCI,Canada,Fixed Income,DWH_IBOR,,,,,,,,,,,,,,,,,E0CDOR04,IR Swap,Derivatives,Derivative,Swap,Interest Rate Overnight Index Swap,BCI CDOR Pool 4 Quantitative - Asset,20230405,20230405,FLOAT_LEG,FLOAT_LEG,20230901,,,CASH.SC.CASHPROXY_CAD@rmgBenchmarks,,,,,,,8 to 30 Days
N,SCD_IRS,RSM_InterestRateSwap_PayFloatReceiveFloat,SCD,20230811,RSM_InterestRateSwap_PayFloatReceiveFloat,RSM_InterestRateSwap_PayFloatReceiveFloat,IRS46476504P,E0CDOR03_IRS46476504P,,UNK,UNK,,,,,,,E0CDOR03_70766755_70766756,IRS46476504SWAP,70766754,E0CDOR03_70766755_70766756,IRS46476504SWAP,E0CDOR03_70766755_70766756_20230811,70766755_70766756,70766754,IRS Leg CAD CORRA +48.5 P SEP23 Royal Bank of Cana/IRS Leg CAD 3MBA R SEP23 Royal Bank of Canada,IRS46476504SWAP,,IRS46476504SWAP,IR Swap,Interest Rate,INT_RTE,,,DERIV,SWAP,IR_OVERNIGHT_IDX_SWP,Interest Rate Overnight Index Swap,Direct,,,,,,,FLOAT_LEG,,,,20230915,20230414,20230414,20230731,CAD,,CAD,,,,,,,-0.000452,,-0.000452,,,50000000.0,-766557.92,,-22637.01,-51110372.71,51087735.7,-1.53311584,,,,,-766557.92,,-22637.010001,-51110372.71,51087735.699999,,,-50000000.0,1.0,50000000.0,-50000000.0,,,semiannual,,semiannual,semiannual,semiannual,,,,,dayCount_Act_365,dayCount_Act_365,dayCount_Act_365,UNK,daily,daily,semiannual,semiannual,semiannual,quarterly,0.485,,,,,,,,,,,0.0,,,,CAD CORRA OIS (SP),CAD CORRA OIS (SP),CAD Swap,CAD Govt,,E0CDOR03,E0CDOR03,POOL,RBC,E0CDOR03,,,,,CAD,CAD,,MDSLookup,Active,Canada,Floating Rate,Internal,FLOATING RATE FUNDS CDOR3,BCI,Canada,Fixed Income,DWH_IBOR,,,,,,,,,,,,,,,,,E0CDOR03,IR Swap,Derivatives,Derivative,Swap,Interest Rate Overnight Index Swap,BCI CDOR Pool 3 GPF - Asset,20230414,20230414,FLOAT_LEG,FLOAT_LEG,20230915,,,CASH.SC.CASHPROXY_CAD@rmgBenchmarks,,,,,,,31 to 90 Days
N,SCD_IRS,RSM_InterestRateSwap_PayFloatReceiveFloat,SCD,20230811,RSM_InterestRateSwap_PayFloatReceiveFloat,RSM_InterestRateSwap_PayFloatReceiveFloat,IRS46503324P,E0CDOR03_IRS46503324P,,UNK,UNK,,,,,,,E0CDOR03_70767109_70767110,IRS46503324SWAP,70767108,E0CDOR03_70767109_70767110,IRS46503324SWAP,E0CDOR03_70767109_70767110_20230811,70767109_70767110,70767108,IRS Leg CAD CORRA +49.25 P SEP23 TDBank/IRS Leg CAD 3MBA R SEP23 TDBank,IRS46503324SWAP,,IRS46503324SWAP,IR Swap,Interest Rate,INT_RTE,,,DERIV,SWAP,IR_OVERNIGHT_IDX_SWP,Interest Rate Overnight Index Swap,Direct,,,,,,,FLOAT_LEG,,,,20230915,20230417,20230417,20230731,CAD,,CAD,,,,,,,-0.000491,,-0.000491,,,30000000.0,-448140.2,,-14734.31,-30654719.09,30639984.78,-1.493800667,,,,,-448140.2,,-14734.31,-30654719.09,30639984.78,,,-30000000.0,1.0,30000000.0,-30000000.0,,,semiannual,,semiannual,semiannual,semiannual,,,,,dayCount_Act_365,dayCount_Act_365,dayCount_Act_365,UNK,daily,daily,semiannual,semiannual,semiannual,quarterly,0.4925,,,,,,,,,,,0.0,,,,CAD CORRA OIS (SP),CAD CORRA OIS (SP),CAD Swap,CAD Govt,,E0CDOR03,E0CDOR03,POOL,TDB,E0CDOR03,,,,,CAD,CAD,,MDSLookup,Active,Canada,Floating Rate,Internal,FLOATING RATE FUNDS CDOR3,BCI,Canada,Fixed Income,DWH_IBOR,,,,,,,,,,,,,,,,,E0CDOR03,IR Swap,Derivatives,Derivative,Swap,Interest Rate Overnight Index Swap,BCI CDOR Pool 3 GPF - Asset,20230417,20230417,FLOAT_LEG,FLOAT_LEG,20230915,,,CASH.SC.CASHPROXY_CAD@rmgBenchmarks,,,,,,,31 to 90 Days
N,SCD_IRS,RSM_InterestRateSwap_PayFloatReceiveFloat,SCD,20230811,RSM_InterestRateSwap_PayFloatReceiveFloat,RSM_InterestRateSwap_PayFloatReceiveFloat,IRS46594399P,E0CDOR01_IRS46594399P,,UNK,UNK,,,,,,,E0CDOR01_70768417_70768418,IRS46594399SWAP,70768416,E0CDOR01_70768417_70768418,IRS46594399SWAP,E0CDOR01_70768417_70768418_20230811,70768417_70768418,70768416,IRS Leg CAD CORRA +48.25 P SEP23 Royal Bank of Can/IRS Leg CAD 3MBA R SEP23 Royal Bank of Canada,IRS46594399SWAP,,IRS46594399SWAP,IR Swap,Interest Rate,INT_RTE,,,DERIV,SWAP,IR_OVERNIGHT_IDX_SWP,Interest Rate Overnight Index Swap,Direct,,,,,,,FLOAT_LEG,,,,20230913,20230420,20230420,20230731,CAD,,CAD,,,,,,,-0.000461,,-0.000461,,,146000000.0,-2116242.32,,-67348.89,-149076789.37,149009440.48,-1.449481041,,,,,-2116242.319999,,-67348.889999,-149076789.369999,149009440.48,,,-146000000.0,1.0,146000000.0,-146000000.0,,,semiannual,,semiannual,semiannual,semiannual,,,,,dayCount_Act_365,dayCount_Act_365,dayCount_Act_365,UNK,daily,daily,semiannual,semiannual,semiannual,quarterly,0.4825,,,,,,,,,,,0.0,,,,CAD CORRA OIS (SP),CAD CORRA OIS (SP),CAD Swap,CAD Govt,,E0CDOR01,E0CDOR01,POOL,RBC,E0CDOR01,,,,,CAD,CAD,,MDSLookup,Active,Canada,Floating Rate,Internal,Floating Rate Fund - Cdor,BCI,Canada,Fixed Income,DWH_IBOR,,,,,,,,,,,,,,,,,E0CDOR01,IR Swap,Derivatives,Derivative,Swap,Interest Rate Overnight Index Swap,CDOR Floating Rate Fund - Asset,20230420,20230420,FLOAT_LEG,FLOAT_LEG,20230913,,,CASH.SC.CASHPROXY_CAD@rmgBenchmarks,,,,,,,31 to 90 Days
N,SCD_IRS,RSM_InterestRateSwap_PayFloatReceiveFloat,SCD,20230811,RSM_InterestRateSwap_PayFloatReceiveFloat,RSM_InterestRateSwap_PayFloatReceiveFloat,IRS46620293P,E0CDOR01_IRS46620293P,,UNK,UNK,,,,,,,E0CDOR01_70768904_70768905,IRS46620293SWAP,70768902,E0CDOR01_70768904_70768905,IRS46620293SWAP,E0CDOR01_70768904_70768905_20230811,70768904_70768905,70768902,IRS Leg CAD CORRA +48.25 P SEP23 TDBank/IRS Leg CAD 3MBA R SEP23 TDBank,IRS46620293SWAP,,IRS46620293SWAP,IR Swap,Interest Rate,INT_RTE,,,DERIV,SWAP,IR_OVERNIGHT_IDX_SWP,Interest Rate Overnight Index Swap,Direct,,,,,,,FLOAT_LEG,,,,20230913,20230421,20230421,20230731,CAD,,CAD,,,,,,,-0.000465,,-0.000465,,,75000000.0,-1076752.36,,-34921.95,-76570191.46,76535269.51,-1.435669813,,,,,-1076752.36,,-34921.950001,-76570191.46,76535269.509999,,,-75000000.0,1.0,75000000.0,-75000000.0,,,semiannual,,semiannual,semiannual,semiannual,,,,,dayCount_Act_365,dayCount_Act_365,dayCount_Act_365,UNK,daily,daily,semiannual,semiannual,semiannual,quarterly,0.4825,,,,,,,,,,,0.0,,,,CAD CORRA OIS (SP),CAD CORRA OIS (SP),CAD Swap,CAD Govt,,E0CDOR01,E0CDOR01,POOL,TDB,E0CDOR01,,,,,CAD,CAD,,MDSLookup,Active,Canada,Floating Rate,Internal,Floating Rate Fund - Cdor,BCI,Canada,Fixed Income,DWH_IBOR,,,,,,,,,,,,,,,,,E0CDOR01,IR Swap,Derivatives,Derivative,Swap,Interest Rate Overnight Index Swap,CDOR Floating Rate Fund - Asset,20230421,20230421,FLOAT_LEG,FLOAT_LEG,20230913,,,CASH.SC.CASHPROXY_CAD@rmgBenchmarks,,,,,,,31 to 90 Days
N,SCD_IRS,RSM_InterestRateSwap_PayFloatReceiveFloat,SCD,20230811,RSM_InterestRateSwap_PayFloatReceiveFloat,RSM_InterestRateSwap_PayFloatReceiveFloat,IRS46647286P,E0CDOR01_IRS46647286P,,UNK,UNK,,,,,,,E0CDOR01_70769364_70769365,IRS46647286SWAP,70769363,E0CDOR01_70769364_70769365,IRS46647286SWAP,E0CDOR01_70769364_70769365_20230811,70769364_70769365,70769363,IRS Leg CAD CORRA +48.5 P SEP23 BMO/IRS Leg CAD 3MBA R SEP23 BMO,IRS46647286SWAP,,IRS46647286SWAP,IR Swap,Interest Rate,INT_RTE,,,DERIV,SWAP,IR_OVERNIGHT_IDX_SWP,Interest Rate Overnight Index Swap,Direct,,,,,,,FLOAT_LEG,,,,20230913,20230421,20230421,20230731,CAD,,CAD,,,,,,,-0.000475,,-0.000475,,,98000000.0,-1407634.37,,-46598.64,-100052684.14,100006085.5,-1.436361602,,,,,-1407634.37,,-46598.64,-100052684.14,100006085.5,,,-98000000.0,1.0,98000000.0,-98000000.0,,,semiannual,,semiannual,semiannual,semiannual,,,,,dayCount_Act_365,dayCount_Act_365,dayCount_Act_365,UNK,daily,daily,semiannual,semiannual,semiannual,quarterly,0.485,,,,,,,,,,,0.0,,,,CAD CORRA OIS (SP),CAD CORRA OIS (SP),CAD Swap,CAD Govt,,E0CDOR01,E0CDOR01,POOL,BMO,E0CDOR01,,,,,CAD,CAD,,MDSLookup,Active,Canada,Floating Rate,Internal,Floating Rate Fund - Cdor,BCI,Canada,Fixed Income,DWH_IBOR,,,,,,,,,,,,,,,,,E0CDOR01,IR Swap,Derivatives,Derivative,Swap,Interest Rate Overnight Index Swap,CDOR Floating Rate Fund - Asset,20230421,20230421,FLOAT_LEG,FLOAT_LEG,20230913,,,CASH.SC.CASHPROXY_CAD@rmgBenchmarks,,,,,,,31 to 90 Days
N,SCD_IRS,RSM_InterestRateSwap_PayFloatReceiveFloat,SCD,20230811,RSM_InterestRateSwap_PayFloatReceiveFloat,RSM_InterestRateSwap_PayFloatReceiveFloat,IRS46742628P,E0CDOR01_IRS46742628P,,UNK,UNK,,,,,,,E0CDOR01_70771342_70771343,IRS46742628SWAP,70771341,E0CDOR01_70771342_70771343,IRS46742628SWAP,E0CDOR01_70771342_70771343_20230811,70771342_70771343,70771341,IRS Leg CAD CORRA +48 P OCT23 BMO/IRS Leg CAD 3MBA R OCT23 BMO,IRS46742628SWAP,,IRS46742628SWAP,IR Swap,Interest Rate,INT_RTE,,,DERIV,SWAP,IR_OVERNIGHT_IDX_SWP,Interest Rate Overnight Index Swap,Direct,,,,,,,FLOAT_LEG,,,,20231026,20230427,20230427,20230731,CAD,,CAD,,,,,,,-0.000433,,-0.000433,,,100000000.0,-1352188.72,,-43384.24,-102658219.75,102614835.51,-1.35218872,,,,,-1352188.72,,-43384.24,-102658219.75,102614835.51,,,-100000000.0,1.0,100000000.0,-100000000.0,,,semiannual,,semiannual,semiannual,semiannual,,,,,dayCount_Act_365,dayCount_Act_365,dayCount_Act_365,UNK,daily,daily,semiannual,semiannual,semiannual,quarterly,0.48,,,,,,,,,,,0.0,,,,CAD CORRA OIS (SP),CAD CORRA OIS (SP),CAD Swap,CAD Govt,,E0CDOR01,E0CDOR01,POOL,BMO,E0CDOR01,,,,,CAD,CAD,,MDSLookup,Active,Canada,Floating Rate,Internal,Floating Rate Fund - Cdor,BCI,Canada,Fixed Income,DWH_IBOR,,,,,,,,,,,,,,,,,E0CDOR01,IR Swap,Derivatives,Derivative,Swap,Interest Rate Overnight Index Swap,CDOR Floating Rate Fund - Asset,20230427,20230427,FLOAT_LEG,FLOAT_LEG,20231026,,,CASH.SC.CASHPROXY_CAD@rmgBenchmarks,,,,,,,31 to 90 Days
N,SCD_IRS,RSM_InterestRateSwap_PayFloatReceiveFloat,SCD,20230811,RSM_InterestRateSwap_PayFloatReceiveFloat,RSM_InterestRateSwap_PayFloatReceiveFloat,IRS46776030P,E0CDOR01_IRS46776030P,,UNK,UNK,,,,,,,E0CDOR01_70772048_70772049,IRS46776030SWAP,70772047,E0CDOR01_70772048_70772049,IRS46776030SWAP,E0CDOR01_70772048_70772049_20230811,70772048_70772049,70772047,IRS Leg CAD CORRA +48 P SEP23 TDBank/IRS Leg CAD 3MBA R SEP23 TDBank,IRS46776030SWAP,,IRS46776030SWAP,IR Swap,Interest Rate,INT_RTE,,,DERIV,SWAP,IR_OVERNIGHT_IDX_SWP,Interest Rate Overnight Index Swap,Direct,,,,,,,FLOAT_LEG,,,,20230915,20230501,20230501,20230731,CAD,,CAD,,,,,,,-0.000459,,-0.000459,,,90000000.0,-1167325.34,,-41316.54,-91785851.87,91744535.33,-1.297028156,,,,,-1167325.34,,-41316.54,-91785851.87,91744535.33,,,-90000000.0,1.0,90000000.0,-90000000.0,,,semiannual,,semiannual,semiannual,semiannual,,,,,dayCount_Act_365,dayCount_Act_365,dayCount_Act_365,UNK,daily,daily,semiannual,semiannual,semiannual,quarterly,0.48,,,,,,,,,,,0.0,,,,CAD CORRA OIS (SP),CAD CORRA OIS (SP),CAD Swap,CAD Govt,,E0CDOR01,E0CDOR01,POOL,TDB,E0CDOR01,,,,,CAD,CAD,,MDSLookup,Active,Canada,Floating Rate,Internal,Floating Rate Fund - Cdor,BCI,Canada,Fixed Income,DWH_IBOR,,,,,,,,,,,,,,,,,E0CDOR01,IR Swap,Derivatives,Derivative,Swap,Interest Rate Overnight Index Swap,CDOR Floating Rate Fund - Asset,20230501,20230501,FLOAT_LEG,FLOAT_LEG,20230915,,,CASH.SC.CASHPROXY_CAD@rmgBenchmarks,,,,,,,31 to 90 Days
N,SCD_IRS,RSM_InterestRateSwap_PayFloatReceiveFloat,SCD,20230811,RSM_InterestRateSwap_PayFloatReceiveFloat,RSM_InterestRateSwap_PayFloatReceiveFloat,IRS46776031P,E0CDOR03_IRS46776031P,,UNK,UNK,,,,,,,E0CDOR03_70772051_70772052,IRS46776031SWAP,70772050,E0CDOR03_70772051_70772052,IRS46776031SWAP,E0CDOR03_70772051_70772052_20230811,70772051_70772052,70772050,IRS Leg CAD CORRA +48 P SEP23 TDBank/IRS Leg CAD 3MBA R SEP23 TDBank,IRS46776031SWAP,,IRS46776031SWAP,IR Swap,Interest Rate,INT_RTE,,,DERIV,SWAP,IR_OVERNIGHT_IDX_SWP,Interest Rate Overnight Index Swap,Direct,,,,,,,FLOAT_LEG,,,,20230915,20230501,20230501,20230731,CAD,,CAD,,,,,,,-0.000459,,-0.000459,,,198000000.0,-2568115.74,,-90896.38,-201928874.11,201837977.73,-1.297028152,,,,,-2568115.74,,-90896.38,-201928874.11,201837977.73,,,-198000000.0,1.0,198000000.0,-198000000.0,,,semiannual,,semiannual,semiannual,semiannual,,,,,dayCount_Act_365,dayCount_Act_365,dayCount_Act_365,UNK,daily,daily,semiannual,semiannual,semiannual,quarterly,0.48,,,,,,,,,,,0.0,,,,CAD CORRA OIS (SP),CAD CORRA OIS (SP),CAD Swap,CAD Govt,,E0CDOR03,E0CDOR03,POOL,TDB,E0CDOR03,,,,,CAD,CAD,,MDSLookup,Active,Canada,Floating Rate,Internal,FLOATING RATE FUNDS CDOR3,BCI,Canada,Fixed Income,DWH_IBOR,,,,,,,,,,,,,,,,,E0CDOR03,IR Swap,Derivatives,Derivative,Swap,Interest Rate Overnight Index Swap,BCI CDOR Pool 3 GPF - Asset,20230501,20230501,FLOAT_LEG,FLOAT_LEG,20230915,,,CASH.SC.CASHPROXY_CAD@rmgBenchmarks,,,,,,,31 to 90 Days
N,SCD_IRS,RSM_InterestRateSwap_PayFloatReceiveFloat,SCD,20230811,RSM_InterestRateSwap_PayFloatReceiveFloat,RSM_InterestRateSwap_PayFloatReceiveFloat,IRS46792649P,E0CDOR03_IRS46792649P,,UNK,UNK,,,,,,,E0CDOR03_70772353_70772354,IRS46792649SWAP,70772352,E0CDOR03_70772353_70772354,IRS46792649SWAP,E0CDOR03_70772353_70772354_20230811,70772353_70772354,70772352,IRS Leg CAD CORRA +48.25 P AUG23 BMO/IRS Leg CAD 3MBA R AUG23 BMO,IRS46792649SWAP,,IRS46792649SWAP,IR Swap,Interest Rate,INT_RTE,,,DERIV,SWAP,IR_OVERNIGHT_IDX_SWP,Interest Rate Overnight Index Swap,Direct,,,,,,,FLOAT_LEG,,,,20230825,20230502,20230502,20230731,CAD,,CAD,,,,,,,-0.000737,,-0.000737,,,195000000.0,-2503521.42,,-143903.79,-198232027.78,198088123.99,-1.283857138,,,,,-2503521.419999,,-143903.79,-198232027.779999,198088123.989999,,,-195000000.0,1.0,195000000.0,-195000000.0,,,annual,,annual,annual,annual,,,,,dayCount_Act_365,dayCount_Act_365,dayCount_Act_365,UNK,daily,daily,annual,annual,annual,quarterly,0.4825,,,,,,,,,,,0.0,,,,CAD CORRA OIS (SP),CAD CORRA OIS (SP),CAD Swap,CAD Govt,,E0CDOR03,E0CDOR03,POOL,BMO,E0CDOR03,,,,,CAD,CAD,,MDSLookup,Active,Canada,Floating Rate,Internal,FLOATING RATE FUNDS CDOR3,BCI,Canada,Fixed Income,DWH_IBOR,,,,,,,,,,,,,,,,,E0CDOR03,IR Swap,Derivatives,Derivative,Swap,Interest Rate Overnight Index Swap,BCI CDOR Pool 3 GPF - Asset,20230502,20230502,FLOAT_LEG,FLOAT_LEG,20230825,,,CASH.SC.CASHPROXY_CAD@rmgBenchmarks,,,,,,,8 to 30 Days
N,SCD_IRS,RSM_InterestRateSwap_PayFloatReceiveFloat,SCD,20230811,RSM_InterestRateSwap_PayFloatReceiveFloat,RSM_InterestRateSwap_PayFloatReceiveFloat,IRS46824830P,E0CDOR01_IRS46824830P,,UNK,UNK,,,,,,,E0CDOR01_70774113_70774114,IRS46824830SWAP,70774112,E0CDOR01_70774113_70774114,IRS46824830SWAP,E0CDOR01_70774113_70774114_20230811,70774113_70774114,70774112,IRS Leg CAD CORRA +47.5 P SEP23 Royal Bank of Cana/IRS Leg CAD 3MBA R SEP23 Royal Bank of Canada,IRS46824830SWAP,,IRS46824830SWAP,IR Swap,Interest Rate,INT_RTE,,,DERIV,SWAP,IR_OVERNIGHT_IDX_SWP,Interest Rate Overnight Index Swap,Direct,,,,,,,FLOAT_LEG,,,,20230920,20230504,20230504,20230731,CAD,,CAD,,,,,,,-0.000413,,-0.000413,,,122000000.0,-1530447.22,,-50408.01,-124460684.52,124410276.51,-1.254464934,,,,,-1530447.22,,-50408.01,-124460684.52,124410276.51,,,-122000000.0,1.0,122000000.0,-122000000.0,,,semiannual,,semiannual,semiannual,semiannual,,,,,dayCount_Act_365,dayCount_Act_365,dayCount_Act_365,UNK,daily,daily,semiannual,semiannual,semiannual,quarterly,0.475,,,,,,,,,,,0.0,,,,CAD CORRA OIS (SP),CAD CORRA OIS (SP),CAD Swap,CAD Govt,,E0CDOR01,E0CDOR01,POOL,RBC,E0CDOR01,,,,,CAD,CAD,,MDSLookup,Active,Canada,Floating Rate,Internal,Floating Rate Fund - Cdor,BCI,Canada,Fixed Income,DWH_IBOR,,,,,,,,,,,,,,,,,E0CDOR01,IR Swap,Derivatives,Derivative,Swap,Interest Rate Overnight Index Swap,CDOR Floating Rate Fund - Asset,20230504,20230504,FLOAT_LEG,FLOAT_LEG,20230920,,,CASH.SC.CASHPROXY_CAD@rmgBenchmarks,,,,,,,31 to 90 Days
N,SCD_IRS,RSM_InterestRateSwap_PayFloatReceiveFloat,SCD,20230811,RSM_InterestRateSwap_PayFloatReceiveFloat,RSM_InterestRateSwap_PayFloatReceiveFloat,IRS47024794P,E0CORR01_IRS47024794P,,UNK,UNK,,,,,,,E0CORR01_70779285_70779286,IRS47024794SWAP,70779284,E0CORR01_70779285_70779286,IRS47024794SWAP,E0CORR01_70779285_70779286_20230811,70779285_70779286,70779284,IRS Leg CAD 4.6485 P JUN24 Royal Bank of Canada/IRS Leg CAD CORRA R JUN24 Royal Bank of Canada,IRS47024794SWAP,,IRS47024794SWAP,IR Swap,Interest Rate,INT_RTE,,,DERIV,SWAP,IR_OVERNIGHT_IDX_SWP,Interest Rate Overnight Index Swap,Direct,,,,,,,FIXED_LEG,,,,20240603,20230523,20230523,20230731,CAD,,CAD,,,,,,,104.534472,,,,,-100000000.0,0.0,,-104534472.37,-104534472.37,0.0,0.0,,,,,0.0,,-104534472.37,-104534472.37,0.0,,,-100000000.0,1.0,0.0,-100000000.0,,,semiannual,,semiannual,semiannual,semiannual,4.6485,4.6485,0.0,,dayCount_Act_365,dayCount_Act_365,dayCount_Act_365,UNK,,,daily,UNK,UNK,semiannual,,,,,,,,,,,,0.0,,,,,,CAD CORRA OIS (SP),CAD Govt,,E0CORR01,E0CORR01,POOL,RBC,E0CORR01,,,,,CAD,CAD,,MDSLookup,,,,,,,,,DWH_IBOR,,,,,,,,,,,,,,,,,E0CORR01,IR Swap,Derivatives,Derivative,Swap,Interest Rate Overnight Index Swap,Floating Rate Fund 1 - Asset,20230523,20230523,FIXED_LEG,FLOAT_LEG,20240603,,,,,,,,,,91 to 360 Days
N,SCD_IRS,RSM_InterestRateSwap_PayFloatReceiveFloat,SCD,20230811,RSM_InterestRateSwap_PayFloatReceiveFloat,RSM_InterestRateSwap_PayFloatReceiveFloat,IRS47024794P,E0CORR01_IRS47024794P,,UNK,UNK,,,,,,,E0CORR01_70779285_70779286,IRS47024794SWAP,70779284,E0CORR01_70779285_70779286,IRS47024794SWAP,E0CORR01_70779285_70779286_20230811,70779285_70779286,70779284,IRS Leg CAD 4.6485 P JUN24 Royal Bank of Canada/IRS Leg CAD CORRA R JUN24 Royal Bank of Canada,IRS47024794SWAP,,IRS47024794SWAP,IR Swap,Interest Rate,INT_RTE,,,DERIV,SWAP,IR_OVERNIGHT_IDX_SWP,Interest Rate Overnight Index Swap,Direct,,,,,,,FIXED_LEG,,,,20240603,20230523,20230523,20230731,CAD,,CAD,,,,,,,0.470233,,0.004702,,,100000000.0,0.0,,470233.53,-104534472.37,105004705.9,0.0,,,,,0.0,,470233.53,-104534472.37,105004705.9,,,-100000000.0,1.0,100000000.0,-100000000.0,,,semiannual,,semiannual,semiannual,semiannual,4.6485,4.6485,0.0,,dayCount_Act_365,dayCount_Act_365,dayCount_Act_365,UNK,,,daily,UNK,UNK,semiannual,,,,,,,,,,,,0.0,,,,,,CAD CORRA OIS (SP),CAD Govt,,E0CORR01,E0CORR01,POOL,RBC,E0CORR01,,,,,CAD,CAD,,MDSLookup,,,,,,,,,DWH_IBOR,,,,,,,,,,,,,,,,,E0CORR01,IR Swap,Derivatives,Derivative,Swap,Interest Rate Overnight Index Swap,Floating Rate Fund 1 - Asset,20230523,20230523,FIXED_LEG,FLOAT_LEG,20240603,,,,,,,,,,91 to 360 Days
